<?xml version="1.0"?>
<log4net>
    <appender name="trace" type="log4net.Appender.TraceAppender,log4net">
      <layout type="log4net.Layout.PatternLayout,log4net">
        <param name="ConversionPattern" value="T %d{ABSOLUTE} %-5p %c{1}:%L - %m%n" />
      </layout>
    </appender>
   <appender name="ListViewAppender" type="SMSVerify.Services.ListViewAppender">
    <param name="MaxRows" value="200"/>
    <layout type="log4net.Layout.PatternLayout">
      <param name="ConversionPattern" value="%m%n" />
    </layout>
  </appender> 
    <appender name="rollingFile" type="log4net.Appender.RollingFileAppender,log4net">
      <param name="File" value="Logs/logFile" />
      <param name="AppendToFile" value="true" />
      <param name="RollingStyle" value="Date" />
      <param name="DatePattern" value=".yyyy.MM.dd.&quot;log&quot;" />
      <param name="StaticLogFileName" value="true" />
      <layout type="log4net.Layout.PatternLayout,log4net">
        <param name="ConversionPattern" value="%d %-5p [%t] %c - %m%n" />
      </layout>
    </appender>
   <root>
      <level value="DEBUG" />
      <appender-ref ref="ListViewAppender" />
      <appender-ref ref="rollingFile" />
    </root> 
    <logger name="SDK">
      <level value="DEBUG" />
    </logger>
  </log4net>
